<?xml version="1.0"?>

<!DOCTYPE ACTIONS SYSTEM "actions.dtd">

<ACTIONS>
	<ACTION NAME="xrefactory.completion.action">
		<CODE>
			XrefactoryPlugin.completion(view);
		</CODE>
	</ACTION>
	<ACTION NAME="xrefactory.refactorer.action">
		<CODE>
			XrefactoryPlugin.refactor(view);
		</CODE>
	</ACTION>
	<ACTION NAME="xrefactory.browser.action">
		<CODE>
			XrefactoryPlugin.browser(view);
		</CODE>
	</ACTION>




	<ACTION NAME="xrefactory.tags-create.action">
		<CODE>
			XrefactoryPlugin.createTags(view);
		</CODE>
	</ACTION>
	<ACTION NAME="xrefactory.tags-update.action">
		<CODE>
			XrefactoryPlugin.updateTags(view);
		</CODE>
	</ACTION>
	<ACTION NAME="xrefactory.tags-full-update.action">
		<CODE>
			XrefactoryPlugin.fullUpdateTags(view);
		</CODE>
	</ACTION>
	<ACTION NAME="xrefactory.view-class-tree.action">
		<CODE>
			XrefactoryPlugin.viewClassTree(view);
		</CODE>
	</ACTION>
	<ACTION NAME="xrefactory.browser-push-name-from-editor.action">
		<CODE>
			XrefactoryPlugin.pushNameFromEditor(view);
		</CODE>
	</ACTION>
	<ACTION NAME="xrefactory.browser-push-name.action">
		<CODE>
			XrefactoryPlugin.pushName(view);
		</CODE>
	</ACTION>
	<ACTION NAME="xrefactory.browser-push-and-goto-definition.action">
		<CODE>
			XrefactoryPlugin.pushAndGotoDefinition(view);
		</CODE>
	</ACTION>
	<ACTION NAME="xrefactory.browser-pop-and-return.action">
		<CODE>
			XrefactoryPlugin.popAndReturn(view);
		</CODE>
	</ACTION>
	<ACTION NAME="xrefactory.browser-repush.action">
		<CODE>
			XrefactoryPlugin.repush(view);
		</CODE>
	</ACTION>
	<ACTION NAME="xrefactory.browser-previous-reference.action">
		<CODE>
			XrefactoryPlugin.previousReference(view);
		</CODE>
	</ACTION>
	<ACTION NAME="xrefactory.browser-next-reference.action">
		<CODE>
			XrefactoryPlugin.nextReference(view);
		</CODE>
	</ACTION>
	<ACTION NAME="xrefactory.browser-global-unused-symbols.action">
		<CODE>
			XrefactoryPlugin.globalUnusedSymbols(view);
		</CODE>
	</ACTION>
	<ACTION NAME="xrefactory.browser-local-unused-symbols.action">
		<CODE>
			XrefactoryPlugin.localUnusedSymbols(view);
		</CODE>
	</ACTION>

	<ACTION NAME="xrefactory.kill-xref-task.action">
		<CODE>
			XrefactoryPlugin.killXrefTask(view);
		</CODE>
	</ACTION>

	<ACTION NAME="xrefactory.registration.action">
		<CODE>
			XrefactoryPlugin.registration(view);
		</CODE>
	</ACTION>

</ACTIONS>
